epoch,tot_train_loss,tot_val_loss,acc,kappa,mcc,precision,recall
0,0.47587223122785755,0.4780722100001115,0.8824565410614014,0.697071373462677,0.6984198093414307,0.8138747811317444,0.7425848245620728
1,0.4626402511253013,0.48097942425654483,0.8551170825958252,0.6552197933197021,0.6587994694709778,0.7061405181884766,0.817578911781311
2,0.4597130589657002,0.4771025845637688,0.8513264656066895,0.6122063994407654,0.6127268075942993,0.7347796559333801,0.691189706325531
